# Geometria del corredor Tijuana-Tecate, para JTT-1395.
# Origen: 200217-IT-B Larguillo ITS Tijuana - Tecate.kmz, entregado por el lider el 20-ago-2026.
# Traza de 724 vertices, anclada a las 29 paletas de kilometraje PK 120..148 del mismo archivo.
# Cubre del PK 120.764 al PK 147.716. Fuera de ese tramo no hay geometria.
# Formato: longitud;latitud;metros   (metros = punto kilometrico normalizado, CA 8)
-116.6024039;32.5547288;120764
-116.6027920;32.5548657;120803
-116.6032388;32.5550169;120849
-116.6036752;32.5551789;120894
-116.6039197;32.5552639;120919
-116.6041008;32.5553119;120937
-116.6042515;32.5553502;120952
-116.6044496;32.5553961;120971
-116.6046561;32.5554265;120991
-116.6048689;32.5554435;121011
-116.6051104;32.5554585;121034
-116.6053007;32.5554489;121052
-116.6054321;32.5554431;121064
-116.6056491;32.5554183;121085
-116.6058842;32.5553802;121107
-116.6063448;32.5553135;121152
-116.6066861;32.5552564;121184
-116.6070921;32.5552107;121223
-116.6076215;32.5551332;121274
-116.6079367;32.5550957;121304
-116.6083095;32.5550418;121339
-116.6088878;32.5549738;121395
-116.6095972;32.5548627;121463
-116.6100809;32.5548028;121509
-116.6113812;32.5546197;121633
-116.6118537;32.5545570;121678
-116.6122870;32.5544903;121720
-116.6125439;32.5544508;121744
-116.6128928;32.5543607;121779
-116.6131066;32.5543065;121800
-116.6133632;32.5542020;121827
-116.6136113;32.5540992;121853
-116.6138383;32.5539746;121878
-116.6140851;32.5538605;121905
-116.6142274;32.5537660;121922
-116.6146232;32.5535444;121967
-116.6149009;32.5533936;121998
-116.6151401;32.5532592;122025
-116.6153124;32.5531667;122044
-116.6162172;32.5526634;122145
-116.6162623;32.5526399;122150
-116.6163971;32.5525605;122166
-116.6165486;32.5524850;122182
-116.6166930;32.5524079;122198
-116.6168204;32.5523632;122211
-116.6169433;32.5523114;122224
-116.6170403;32.5522670;122234
-116.6174040;32.5521336;122271
-116.6176943;32.5520516;122300
-116.6180495;32.5519590;122334
-116.6182250;32.5519252;122351
-116.6184411;32.5518825;122372
-116.6186249;32.5518610;122389
-116.6189082;32.5518215;122416
-116.6191920;32.5517749;122443
-116.6194469;32.5517440;122467
-116.6196862;32.5517383;122489
-116.6199125;32.5517593;122511
-116.6201254;32.5517481;122531
-116.6205627;32.5517040;122572
-116.6208025;32.5516798;122594
-116.6213194;32.5516232;122643
-116.6215719;32.5515885;122667
-116.6217900;32.5515500;122688
-116.6219200;32.5515300;122700
-116.6221200;32.5515000;122719
-116.6222800;32.5514900;122734
-116.6224100;32.5514800;122746
-116.6225500;32.5514900;122759
-116.6229500;32.5515400;122797
-116.6231600;32.5515700;122817
-116.6232400;32.5515800;122825
-116.6232700;32.5515800;122827
-116.6233000;32.5515800;122830
-116.6233400;32.5515800;122834
-116.6233900;32.5515700;122839
-116.6235300;32.5515400;122852
-116.6238900;32.5513800;122890
-116.6242100;32.5512800;122922
-116.6244300;32.5512400;122943
-116.6245000;32.5511800;122952
-116.6254000;32.5511500;123037
-116.6257400;32.5511500;123068
-116.6266500;32.5511600;123154
-116.6279900;32.5511500;123279
-116.6283900;32.5511600;123317
-116.6298900;32.5511700;123458
-116.6305200;32.5511600;123517
-116.6309700;32.5511200;123559
-116.6317100;32.5510500;123629
-116.6321800;32.5509900;123673
-116.6328100;32.5508800;123734
-116.6330700;32.5508300;123759
-116.6352300;32.5504500;123966
-116.6359900;32.5503000;124039
-116.6364100;32.5502300;124079
-116.6365100;32.5502000;124089
-116.6369600;32.5501000;124133
-116.6372600;32.5500100;124163
-116.6376100;32.5499100;124198
-116.6379500;32.5497800;124233
-116.6383600;32.5496100;124276
-116.6389200;32.5493400;124336
-116.6396500;32.5490000;124415
-116.6398300;32.5489000;124435
-116.6400100;32.5488100;124455
-116.6402600;32.5486900;124482
-116.6407800;32.5484400;124538
-116.6413400;32.5482400;124595
-116.6415300;32.5481700;124615
-116.6417600;32.5481100;124637
-116.6423900;32.5479800;124698
-116.6427300;32.5479400;124731
-116.6427800;32.5479400;124735
-116.6429700;32.5479200;124753
-116.6430500;32.5479100;124761
-116.6438700;32.5478800;124838
-116.6442800;32.5478700;124877
-116.6467800;32.5478200;125112
-116.6469900;32.5478200;125131
-116.6474300;32.5478100;125173
-116.6499800;32.5477400;125413
-116.6501900;32.5477300;125433
-116.6516800;32.5477000;125573
-116.6519000;32.5477000;125594
-116.6526800;32.5476800;125667
-116.6527500;32.5476800;125674
-116.6545100;32.5476200;125839
-116.6552900;32.5475500;125913
-116.6555200;32.5475300;125935
-116.6560400;32.5474800;125984
-116.6571700;32.5473600;126092
-116.6588900;32.5471900;126255
-116.6591100;32.5471600;126276
-116.6596300;32.5471100;126325
-116.6611800;32.5469500;126472
-116.6632900;32.5467200;126673
-116.6635100;32.5466900;126694
-116.6637200;32.5466700;126714
-116.6653700;32.5464900;126871
-116.6664500;32.5463100;126974
-116.6664600;32.5463100;126975
-116.6666600;32.5462700;126995
-116.6671100;32.5461800;127038
-116.6682200;32.5459000;127147
-116.6684200;32.5458500;127166
-116.6684400;32.5458400;127169
-116.6686300;32.5458000;127187
-116.6700600;32.5454400;127327
-116.6703400;32.5453700;127354
-116.6723100;32.5448900;127547
-116.6729300;32.5447400;127607
-116.6731300;32.5446900;127627
-116.6739500;32.5444900;127707
-116.6751100;32.5442100;127820
-116.6752500;32.5441800;127834
-116.6757000;32.5440700;127878
-116.6759500;32.5440100;127902
-116.6760200;32.5439800;127910
-116.6762300;32.5439200;127931
-116.6763700;32.5438600;127945
-116.6766200;32.5437500;127972
-116.6767400;32.5436800;127985
-116.6767700;32.5436700;127988
-116.6767800;32.5436600;127990
-116.6768600;32.5436000;128000
-116.6769600;32.5435300;128012
-116.6771700;32.5433600;128040
-116.6773000;32.5432400;128058
-116.6775000;32.5430200;128089
-116.6778900;32.5425800;128150
-116.6782600;32.5421600;128209
-116.6785300;32.5418600;128251
-116.6789800;32.5413500;128322
-116.6790000;32.5413300;128325
-116.6795400;32.5407000;128412
-116.6797800;32.5403900;128453
-116.6797800;32.5403800;128454
-116.6798800;32.5402500;128472
-116.6798900;32.5402400;128473
-116.6799900;32.5400800;128493
-116.6800800;32.5399500;128510
-116.6803500;32.5395500;128562
-116.6804000;32.5394500;128574
-116.6804900;32.5392900;128594
-116.6805600;32.5391600;128610
-116.6805800;32.5391200;128614
-116.6807300;32.5388500;128648
-116.6808400;32.5386300;128674
-116.6808700;32.5385900;128680
-116.6809200;32.5384600;128695
-116.6810400;32.5381600;128730
-116.6814400;32.5372800;128836
-116.6815100;32.5371100;128856
-116.6818900;32.5362700;128956
-116.6819900;32.5360600;128982
-116.6820700;32.5358600;129005
-116.6821200;32.5357400;129019
-116.6821300;32.5357000;129024
-116.6824300;32.5349900;129107
-116.6828000;32.5341700;129205
-116.6828600;32.5340000;129224
-116.6829800;32.5337300;129256
-116.6830800;32.5335300;129281
-116.6831200;32.5334500;129290
-116.6834400;32.5328400;129364
-116.6837200;32.5322700;129433
-116.6839500;32.5318500;129484
-116.6840500;32.5316900;129504
-116.6841300;32.5315300;129523
-116.6852800;32.5294500;129778
-116.6853500;32.5293300;129792
-116.6854400;32.5291500;129814
-116.6854900;32.5290600;129825
-116.6855100;32.5290100;129831
-116.6858700;32.5284300;129904
-116.6859000;32.5283800;129910
-116.6860800;32.5280500;129950
-116.6861800;32.5278800;129971
-116.6862300;32.5278000;129981
-116.6863500;32.5276400;130002
-116.6864100;32.5275800;130011
-116.6865000;32.5274800;130025
-116.6865300;32.5274500;130029
-116.6868400;32.5271800;130071
-116.6873500;32.5269200;130127
-116.6876700;32.5267900;130161
-116.6877400;32.5267500;130169
-116.6879000;32.5266800;130185
-116.6880000;32.5266500;130195
-116.6881100;32.5266300;130206
-116.6882700;32.5266100;130221
-116.6884800;32.5266100;130241
-116.6887600;32.5265900;130267
-116.6890100;32.5265900;130291
-116.6908500;32.5265300;130464
-116.6908700;32.5265300;130466
-116.6909500;32.5265300;130473
-116.6916100;32.5265500;130535
-116.6916300;32.5265400;130538
-116.6920900;32.5265100;130581
-116.6923600;32.5265000;130606
-116.6925300;32.5265000;130622
-116.6926800;32.5265000;130636
-116.6931500;32.5264900;130681
-116.6940000;32.5264700;130760
-116.6940800;32.5264700;130768
-116.6947900;32.5264600;130835
-116.6950900;32.5264500;130863
-116.6953700;32.5264400;130889
-116.6958900;32.5264300;130938
-116.6961900;32.5264200;130966
-116.6975200;32.5264000;131091
-116.6978800;32.5263900;131125
-116.6985700;32.5263800;131190
-116.6986700;32.5263700;131200
-116.6992200;32.5263600;131251
-116.6996900;32.5263600;131296
-116.7000000;32.5263500;131325
-116.7001900;32.5263600;131343
-116.7008200;32.5263800;131402
-116.7018600;32.5264600;131500
-116.7020700;32.5264900;131520
-116.7021500;32.5265000;131528
-116.7023300;32.5265200;131545
-116.7028400;32.5265900;131594
-116.7031300;32.5266300;131621
-116.7036400;32.5267300;131670
-116.7039400;32.5267800;131699
-116.7040000;32.5268000;131705
-116.7042100;32.5268400;131726
-116.7048200;32.5269700;131785
-116.7051800;32.5270500;131820
-116.7058700;32.5271900;131886
-116.7060700;32.5272300;131906
-116.7064500;32.5273100;131943
-116.7074800;32.5275200;132042
-116.7075200;32.5275300;132046
-116.7082800;32.5276800;132120
-116.7083600;32.5276900;132128
-116.7089700;32.5277800;132186
-116.7093800;32.5278100;132225
-116.7095800;32.5278200;132244
-116.7102100;32.5278200;132304
-116.7103800;32.5278100;132320
-116.7104800;32.5278100;132329
-116.7107000;32.5278000;132350
-116.7110100;32.5277700;132380
-116.7113900;32.5277200;132416
-116.7118000;32.5276400;132456
-116.7125300;32.5274800;132527
-116.7131300;32.5273600;132585
-116.7135200;32.5272900;132623
-116.7148100;32.5270000;132749
-116.7156800;32.5268400;132833
-116.7165500;32.5266500;132918
-116.7169600;32.5265700;132958
-116.7172000;32.5265300;132981
-116.7178000;32.5264100;133039
-116.7190600;32.5261700;133161
-116.7199100;32.5260800;133242
-116.7205300;32.5260500;133301
-116.7210400;32.5260300;133349
-116.7214300;32.5260400;133385
-116.7221300;32.5260500;133452
-116.7224500;32.5260700;133482
-116.7225200;32.5260800;133489
-116.7235600;32.5261200;133587
-116.7237200;32.5261200;133602
-116.7239400;32.5261300;133623
-116.7253300;32.5261900;133754
-116.7267100;32.5262500;133884
-116.7269200;32.5262600;133904
-116.7271300;32.5262700;133924
-116.7274900;32.5262800;133958
-116.7294600;32.5263700;134145
-116.7299000;32.5263900;134187
-116.7299500;32.5263900;134192
-116.7300000;32.5263900;134197
-116.7301200;32.5263900;134208
-116.7314800;32.5264500;134338
-116.7330100;32.5265200;134484
-116.7338100;32.5266000;134561
-116.7345600;32.5267500;134634
-116.7347100;32.5267900;134649
-116.7349100;32.5268600;134670
-116.7349600;32.5268700;134674
-116.7350800;32.5269100;134687
-116.7355000;32.5270700;134731
-116.7356500;32.5271200;134746
-116.7356900;32.5271400;134750
-116.7360300;32.5273100;134788
-116.7364100;32.5275300;134832
-116.7367300;32.5277500;134871
-116.7370500;32.5280000;134913
-116.7371000;32.5280500;134920
-116.7374700;32.5283800;134972
-116.7378600;32.5288300;135034
-116.7379800;32.5289900;135055
-116.7380900;32.5291400;135075
-116.7382800;32.5294400;135112
-116.7384500;32.5297900;135154
-116.7384800;32.5298500;135162
-116.7385300;32.5299600;135175
-116.7386100;32.5301200;135194
-116.7386400;32.5301900;135202
-116.7389100;32.5307900;135274
-116.7394800;32.5320600;135425
-116.7396500;32.5324800;135474
-116.7396800;32.5325500;135482
-116.7397100;32.5326000;135489
-116.7397100;32.5326100;135490
-116.7397400;32.5326800;135498
-116.7399900;32.5332600;135567
-116.7403100;32.5339900;135653
-116.7406900;32.5348600;135756
-116.7410000;32.5355700;135840
-116.7411500;32.5359100;135881
-116.7412600;32.5361700;135911
-116.7414400;32.5365900;135961
-116.7417200;32.5372300;136037
-116.7417300;32.5372600;136040
-116.7419900;32.5377900;136103
-116.7422000;32.5381600;136149
-116.7423700;32.5384000;136180
-116.7424200;32.5384700;136189
-116.7424300;32.5384900;136191
-116.7424900;32.5385900;136203
-116.7425200;32.5386200;136208
-116.7428700;32.5390200;136263
-116.7429400;32.5390900;136273
-116.7430200;32.5391800;136285
-116.7430300;32.5391900;136286
-116.7431900;32.5393200;136307
-116.7433500;32.5394700;136329
-116.7437200;32.5397400;136375
-116.7438100;32.5398000;136386
-116.7439900;32.5399200;136407
-116.7441800;32.5400400;136429
-116.7445600;32.5402400;136471
-116.7449900;32.5404300;136516
-116.7454500;32.5406000;136563
-116.7456700;32.5406600;136584
-116.7458800;32.5407200;136605
-116.7460900;32.5407800;136625
-116.7463100;32.5408200;136646
-116.7463600;32.5408300;136651
-116.7465900;32.5408700;136673
-116.7467100;32.5408900;136684
-116.7469100;32.5409200;136703
-116.7469300;32.5409200;136705
-116.7479200;32.5410400;136798
-116.7479700;32.5410500;136803
-116.7479800;32.5410500;136804
-116.7481800;32.5410800;136823
-116.7492300;32.5412300;136922
-116.7492400;32.5412300;136923
-116.7494400;32.5412600;136942
-116.7495100;32.5412700;136948
-116.7507100;32.5414400;137062
-116.7512300;32.5415000;137112
-116.7518000;32.5415800;137166
-116.7519300;32.5416000;137178
-116.7519800;32.5416100;137183
-116.7520200;32.5416200;137187
-116.7522700;32.5416600;137211
-116.7532400;32.5417800;137303
-116.7534000;32.5418000;137318
-116.7537500;32.5418500;137352
-116.7560600;32.5421900;137572
-116.7563000;32.5422200;137595
-116.7565600;32.5422700;137620
-116.7573700;32.5423900;137697
-116.7579800;32.5424900;137756
-116.7580600;32.5425000;137763
-116.7593500;32.5427300;137887
-116.7596500;32.5427900;137916
-116.7597300;32.5428000;137924
-116.7599300;32.5428400;137943
-116.7613700;32.5431000;138082
-116.7618900;32.5431900;138132
-116.7620600;32.5432200;138148
-116.7624700;32.5433000;138187
-116.7625100;32.5433000;138191
-116.7625400;32.5433100;138194
-116.7633500;32.5434600;138272
-116.7635600;32.5434900;138292
-116.7646500;32.5436900;138397
-116.7671000;32.5441300;138632
-116.7673100;32.5441700;138652
-116.7689000;32.5444500;138805
-116.7692100;32.5445100;138835
-116.7692900;32.5445200;138843
-116.7693600;32.5445400;138849
-116.7694700;32.5445500;138860
-116.7699400;32.5446400;138905
-116.7703600;32.5447200;138946
-116.7705700;32.5447600;138966
-116.7710300;32.5448400;139010
-116.7711900;32.5448700;139025
-116.7714000;32.5449100;139046
-116.7714300;32.5449100;139048
-116.7716100;32.5449400;139066
-116.7718200;32.5449800;139086
-116.7720300;32.5450200;139106
-116.7721100;32.5450300;139114
-116.7726500;32.5451400;139166
-116.7731500;32.5452200;139213
-116.7737500;32.5452900;139270
-116.7743400;32.5453600;139326
-116.7746500;32.5454000;139356
-116.7751800;32.5454500;139406
-116.7751900;32.5454500;139407
-116.7758200;32.5454900;139466
-116.7765700;32.5455400;139536
-116.7772700;32.5455500;139602
-116.7779100;32.5455600;139662
-116.7784500;32.5455700;139713
-116.7789700;32.5455900;139762
-116.7790800;32.5455900;139772
-116.7795100;32.5456000;139812
-116.7797200;32.5456000;139832
-116.7797600;32.5456000;139836
-116.7803700;32.5456200;139893
-116.7805300;32.5456200;139908
-116.7807900;32.5456300;139933
-116.7810000;32.5456400;139952
-116.7810500;32.5456400;139957
-116.7816400;32.5456600;140013
-116.7818700;32.5456600;140034
-116.7836200;32.5456900;140199
-116.7852900;32.5457400;140357
-116.7858000;32.5457500;140405
-116.7864500;32.5457600;140466
-116.7869700;32.5457700;140515
-116.7870700;32.5457800;140525
-116.7873600;32.5457900;140552
-116.7887500;32.5458200;140683
-116.7897900;32.5458600;140781
-116.7899800;32.5458600;140799
-116.7902200;32.5458700;140822
-116.7902500;32.5458700;140824
-116.7904600;32.5458700;140844
-116.7908900;32.5458800;140885
-116.7912900;32.5459000;140923
-116.7914800;32.5459200;140941
-116.7918500;32.5459700;140976
-116.7920400;32.5460000;140994
-116.7923400;32.5460700;141023
-116.7925100;32.5461100;141040
-116.7926300;32.5461400;141052
-116.7927700;32.5461900;141066
-116.7930700;32.5462800;141096
-116.7935300;32.5464500;141143
-116.7942300;32.5467900;141219
-116.7944700;32.5469200;141245
-116.7952000;32.5473100;141326
-116.7953700;32.5474000;141345
-116.7955500;32.5475000;141366
-116.7956100;32.5475300;141372
-116.7957200;32.5475900;141384
-116.7958600;32.5476700;141400
-116.7959000;32.5476900;141405
-116.7964600;32.5479900;141467
-116.7970900;32.5483200;141536
-116.7971000;32.5483200;141537
-116.7976700;32.5486200;141600
-116.7978400;32.5487100;141619
-116.7982900;32.5489200;141667
-116.7985700;32.5490300;141696
-116.7987200;32.5490900;141712
-116.7990600;32.5492000;141746
-116.7992200;32.5492400;141762
-116.7997800;32.5493600;141816
-116.7999900;32.5494100;141836
-116.8002500;32.5494600;141861
-116.8015900;32.5497100;141990
-116.8019800;32.5498100;142028
-116.8021100;32.5498400;142041
-116.8021900;32.5498600;142049
-116.8024000;32.5499300;142070
-116.8026800;32.5500500;142099
-116.8029300;32.5501600;142126
-116.8031600;32.5502800;142151
-116.8033100;32.5503800;142169
-116.8033400;32.5504000;142173
-116.8034700;32.5504900;142188
-116.8036300;32.5506100;142208
-116.8036800;32.5506500;142215
-116.8039400;32.5508900;142251
-116.8040500;32.5510200;142269
-116.8041300;32.5511000;142280
-116.8043200;32.5513600;142314
-116.8045400;32.5517400;142361
-116.8046500;32.5519700;142389
-116.8046600;32.5520000;142392
-116.8047100;32.5521400;142408
-116.8047600;32.5523000;142427
-116.8048200;32.5525600;142456
-116.8048600;32.5528600;142490
-116.8048800;32.5532000;142528
-116.8049000;32.5533500;142544
-116.8049100;32.5538600;142601
-116.8049200;32.5541000;142628
-116.8049300;32.5542800;142648
-116.8049800;32.5546300;142687
-116.8049900;32.5546400;142688
-116.8050400;32.5548100;142708
-116.8050500;32.5548700;142714
-116.8051100;32.5550200;142732
-116.8051800;32.5551700;142750
-116.8052500;32.5553000;142766
-116.8052600;32.5553200;142768
-116.8053400;32.5554300;142782
-116.8053700;32.5554700;142788
-116.8054900;32.5556200;142808
-116.8055100;32.5556600;142813
-116.8057300;32.5558700;142844
-116.8059900;32.5560900;142878
-116.8062600;32.5562600;142910
-116.8064300;32.5563400;142928
-116.8065000;32.5563700;142935
-116.8066700;32.5564400;142953
-116.8068500;32.5565100;142972
-116.8071500;32.5566000;143001
-116.8074200;32.5566700;143028
-116.8078300;32.5567800;143068
-116.8085400;32.5569700;143138
-116.8088500;32.5570500;143168
-116.8094600;32.5572100;143227
-116.8096100;32.5572500;143242
-116.8096600;32.5572600;143247
-116.8098700;32.5573100;143267
-116.8106800;32.5575200;143346
-116.8117000;32.5577800;143446
-116.8132500;32.5581800;143597
-116.8138700;32.5583000;143657
-116.8140500;32.5583200;143674
-116.8142200;32.5583300;143690
-116.8143700;32.5583300;143704
-116.8146900;32.5583200;143733
-116.8149100;32.5583000;143754
-116.8151100;32.5582700;143773
-116.8151700;32.5582600;143779
-116.8155300;32.5581900;143813
-116.8158000;32.5581400;143839
-116.8160100;32.5581000;143859
-116.8162100;32.5580600;143878
-116.8163000;32.5580400;143887
-116.8168400;32.5579400;143939
-116.8168600;32.5579400;143941
-116.8170500;32.5579200;143958
-116.8175200;32.5578700;144003
-116.8182100;32.5578700;144068
-116.8189700;32.5579100;144140
-116.8189900;32.5579100;144142
-116.8190700;32.5579100;144149
-116.8191800;32.5579200;144160
-116.8196100;32.5579300;144201
-116.8199200;32.5579500;144230
-116.8200300;32.5579500;144240
-116.8201000;32.5579500;144247
-116.8203100;32.5579500;144267
-116.8207200;32.5579500;144306
-116.8211000;32.5579200;144342
-116.8213900;32.5578700;144370
-116.8215700;32.5578100;144388
-116.8217600;32.5577500;144407
-116.8219800;32.5576600;144430
-116.8223000;32.5574800;144467
-116.8227300;32.5572300;144516
-116.8232000;32.5569600;144570
-116.8233800;32.5568600;144591
-116.8237600;32.5567000;144631
-116.8238300;32.5566700;144638
-116.8241300;32.5565900;144668
-116.8241600;32.5565900;144671
-116.8245100;32.5565200;144705
-116.8248600;32.5564700;144738
-116.8252300;32.5564300;144774
-116.8253900;32.5564300;144789
-116.8256100;32.5564200;144810
-116.8256600;32.5564200;144814
-116.8265100;32.5563900;144895
-116.8267100;32.5563800;144914
-116.8268300;32.5563700;144925
-116.8271600;32.5563200;144957
-116.8274600;32.5562500;144986
-116.8277000;32.5561700;145011
-116.8280700;32.5559900;145051
-116.8282300;32.5558900;145070
-116.8283400;32.5558000;145084
-116.8284700;32.5556800;145102
-116.8285900;32.5555600;145120
-116.8287000;32.5554100;145139
-116.8287300;32.5553600;145145
-116.8288100;32.5552500;145160
-116.8288500;32.5551900;145168
-116.8288900;32.5551300;145175
-116.8290200;32.5549400;145200
-116.8290300;32.5549200;145202
-116.8291200;32.5547800;145220
-116.8292200;32.5546200;145240
-116.8293900;32.5543500;145274
-116.8295200;32.5541800;145297
-116.8296100;32.5540700;145311
-116.8298000;32.5538600;145341
-116.8299700;32.5537200;145363
-116.8302300;32.5535300;145396
-116.8304500;32.5534100;145420
-116.8306700;32.5533200;145443
-116.8310500;32.5531900;145482
-116.8313300;32.5531400;145509
-116.8313400;32.5531400;145510
-116.8314600;32.5531200;145521
-116.8316700;32.5530900;145541
-116.8317700;32.5530800;145550
-116.8318800;32.5530700;145561
-116.8326600;32.5529900;145635
-116.8328700;32.5529600;145655
-116.8331600;32.5529100;145683
-116.8335800;32.5527900;145724
-116.8339900;32.5526500;145766
-116.8347300;32.5523800;145841
-116.8348400;32.5523500;145852
-116.8350800;32.5522800;145876
-116.8352800;32.5522300;145896
-116.8354300;32.5522100;145910
-116.8356500;32.5521900;145931
-116.8358100;32.5522000;145946
-116.8360700;32.5522200;145970
-116.8365000;32.5522900;146011
-116.8369000;32.5523800;146050
-116.8371400;32.5524300;146073
-116.8373600;32.5524800;146094
-116.8376900;32.5525400;146125
-116.8380600;32.5525700;146160
-116.8383600;32.5525700;146188
-116.8385000;32.5525500;146201
-116.8386500;32.5525300;146215
-116.8387900;32.5525000;146228
-116.8390100;32.5524400;146250
-116.8390200;32.5524400;146251
-116.8390800;32.5524300;146256
-116.8391800;32.5523900;146267
-116.8392500;32.5523700;146273
-116.8398500;32.5521800;146333
-116.8401800;32.5520800;146365
-116.8405900;32.5519900;146405
-116.8408400;32.5519500;146428
-116.8409800;32.5519300;146442
-116.8412200;32.5519100;146464
-116.8417000;32.5518900;146509
-116.8421200;32.5518800;146548
-116.8422000;32.5518800;146555
-116.8425400;32.5518400;146587
-116.8426100;32.5518400;146593
-116.8430400;32.5517800;146634
-116.8433400;32.5517200;146662
-116.8436200;32.5516300;146690
-116.8438700;32.5515500;146715
-116.8440700;32.5514800;146735
-116.8444100;32.5513400;146770
-116.8448400;32.5511000;146818
-116.8449800;32.5510200;146834
-116.8452600;32.5508800;146864
-116.8452800;32.5508700;146866
-116.8454100;32.5508100;146880
-116.8456100;32.5507200;146901
-116.8461500;32.5504300;146960
-116.8464100;32.5502700;146990
-116.8466900;32.5500900;147023
-116.8471800;32.5497500;147082
-116.8475600;32.5494800;147128
-116.8483700;32.5488500;147230
-116.8487800;32.5485600;147280
-116.8490500;32.5483500;147314
-116.8499900;32.5476200;147432
-116.8507200;32.5470900;147522
-116.8507500;32.5470700;147525
-116.8516100;32.5464000;147634
-116.8517000;32.5463200;147646
-116.8518900;32.5461500;147672
-116.8521800;32.5458300;147716
